{"cameraMode":{"drawMode":0,"name":"Shaded","section":"Shading Mode"},"sceneLighting":false,"audioPlay":false,"sceneViewState":{"showFog":true,"showMaterialUpdate":false,"showSkybox":false,"showFlares":true,"showImageEffects":true,"showParticleSystems":true},"in2DMode":false,"pivot":{"x":0.1757519543170929,"y":2.606844902038574,"z":-0.025498151779174806},"rotation":{"x":-0.027403291314840318,"y":0.9579077363014221,"z":-0.2685251533985138,"w":-0.09775565564632416},"size":3.047144889831543,"orthographic":false}